ID3;ID4
AF21_1f c4 c9_P000;AF21_1f c4 c9_I2i0
AF21_94 8a 3d_P000;AF21_94 8a 3d_bOVL
AF21_98 99 58_P000;AF21_98 99 58_vPUo
AF21_90 2a 92_P000;AF21_90 2a 92_rGqF
AF21_4d 70 4c_P000;AF21_4d 70 4c_Tvi7
AF21_1c 7e e0_P000;AF21_1c 7e e0_tzDK
AF21_60 21 70_P000;AF21_60 21 70_Jjy6
AF21_e9 37 d0_P000;AF21_e9 37 d0_qzyp
AF21_25 ac a3_P000;AF21_25 ac a3_nhEF
AF21_1b 62 7d_P000;AF21_1b 62 7d_qeZe
AF21_ca 01 a1_P000;AF21_ca 01 a1_hZ84
AF21_f5 76 bc_P000;AF21_f5 76 bc_UYnf
AF21_12 f1 a5_P000;AF21_12 f1 a5_NEJW
AF21_bc 22 30_P000;AF21_bc 22 30_FFbj
AF21_c8 1b 41_P000;AF21_c8 1b 41_2eYq
AF21_5c 65 fb_P000;AF21_5c 65 fb_aon7
AF21_99 46 22_P000;AF21_99 46 22_xi5Z
AF21_79 b9 87_P000;AF21_79 b9 87_rpNP
AF21_6a a1 f5_P000;AF21_6a a1 f5_QVzz
AF21_f5 30 36_P000;AF21_f5 30 36_jjLR
BG22_cf 27 47_P000;BG22_cf 27 47_J2ld
BG22_7d a3 d5_P000;BG22_7d a3 d5_01JS
BG22_61 93 ad_P000;BG22_61 93 ad_SM9b
BG22_d4 c1 1b_P000;BG22_d4 c1 1b_jDlL
BG22_fe 1c 2e_P000;BG22_fe 1c 2e_8Qao
BG22_d5 b8 30_P000;BG22_d5 b8 30_xNtw
BG22_04 b8 c2_P000;BG22_04 b8 c2_ASWz
BG22_4a ab 39_P000;BG22_4a ab 39_MLAp
BG22_84 97 ec_P000;BG22_84 97 ec_9zt1
BG22_9d b0 72_P000;BG22_9d b0 72_KpmO
BG22_4a 24 b0_P000;BG22_4a 24 b0_hWps
BG22_13 0c 46_P000;BG22_13 0c 46_9LiQ
BG22_ad 4d 42_P000;BG22_ad 4d 42_ESTA
BG22_d4 fa f2_P000;BG22_d4 fa f2_i1xd
BG22_23 8c 6b_P000;BG22_23 8c 6b_XpEk
BG22_3d 66 27_P000;BG22_3d 66 27_7V8j
BG22_23 72 48_P000;BG22_23 72 48_TTGf
BG22_de 0f 0f_P000;BG22_de 0f 0f_0Sa4
BG22_82 bd 4e_P000;BG22_82 bd 4e_TAD4
BG22_2f 62 23_P000;BG22_2f 62 23_7zM7
CH23_62 11 fb_P000;CH23_62 11 fb_aH1c
CH23_ef c9 6d_P000;CH23_ef c9 6d_JYbZ
CH23_4e 35 e8_P000;CH23_4e 35 e8_aggZ
CH23_59 ae f3_P000;CH23_59 ae f3_QikT
CH23_ed 27 63_P000;CH23_ed 27 63_ho3x
CH23_e6 b4 96_P000;CH23_e6 b4 96_mxye
CH23_ab c5 47_P000;CH23_ab c5 47_kvu6
CH23_2d 67 32_P000;CH23_2d 67 32_WKTa
CH23_a4 df ac_P000;CH23_a4 df ac_vE68
CH23_fe cf 06_P000;CH23_fe cf 06_LN6s
CH23_95 03 93_P000;CH23_95 03 93_tFU6
CH23_ae b7 cb_P000;CH23_ae b7 cb_QwUK
CH23_5f d3 42_P000;CH23_5f d3 42_1sX8
CH23_99 fe ba_P000;CH23_99 fe ba_648R
CH23_6c 2d 69_P000;CH23_6c 2d 69_cEPy
CH23_2c b0 38_P000;CH23_2c b0 38_SRZS
CH23_d2 a6 6a_P000;CH23_d2 a6 6a_OzFc
CH23_61 c4 cb_P000;CH23_61 c4 cb_Wuqs
CH23_c6 a1 46_P000;CH23_c6 a1 46_NbSV
CH23_0e 70 b6_P000;CH23_0e 70 b6_e6jC
DI24_3d a1 8d_P000;DI24_3d a1 8d_cOCH
DI24_e8 b8 96_P000;DI24_e8 b8 96_RMx9
DI24_48 6f e5_P000;DI24_48 6f e5_YcA4
DI24_6c 9e 6e_P000;DI24_6c 9e 6e_tPkR
DI24_e4 cc 7c_P000;DI24_e4 cc 7c_2PQl
DI24_ba f2 46_P000;DI24_ba f2 46_Gna2
DI24_87 65 28_P000;DI24_87 65 28_viJa
DI24_b2 2f 9b_P000;DI24_b2 2f 9b_64aD
DI24_0a 38 0f_P000;DI24_0a 38 0f_u5Rk
DI24_68 da 14_P000;DI24_68 da 14_36hN
DI24_86 5d 01_P000;DI24_86 5d 01_US0a
DI24_ee 17 1d_P000;DI24_ee 17 1d_jb0E
DI24_d9 c7 5e_P000;DI24_d9 c7 5e_Hdo6
DI24_d7 48 18_P000;DI24_d7 48 18_SBDu
DI24_d6 37 48_P000;DI24_d6 37 48_I5OM
DI24_33 b6 5a_P000;DI24_33 b6 5a_3kvJ
DI24_1c f9 55_P000;DI24_1c f9 55_9iUj
DI24_db 81 34_P000;DI24_db 81 34_KsHC
DI24_c9 4f e3_P000;DI24_c9 4f e3_rbhe
DI24_2a 98 b3_P000;DI24_2a 98 b3_YVSv
EJ25_33 97 c1_P000;EJ25_33 97 c1_lwGg
EJ25_14 ab ea_P000;EJ25_14 ab ea_cboS
EJ25_6e e7 b5_P000;EJ25_6e e7 b5_E5IE
EJ25_43 1b 4e_P000;EJ25_43 1b 4e_X4ot
EJ25_23 26 3b_P000;EJ25_23 26 3b_zrrn
EJ25_74 d5 99_P000;EJ25_74 d5 99_CCom
EJ25_97 76 34_P000;EJ25_97 76 34_bThl
EJ25_11 57 1f_P000;EJ25_11 57 1f_pKyc
EJ25_9f d9 86_P000;EJ25_9f d9 86_ReDY
EJ25_79 0c fe_P000;EJ25_79 0c fe_GIMe
EJ25_d3 7a a7_P000;EJ25_d3 7a a7_aqzB
EJ25_72 9c eb_P000;EJ25_72 9c eb_1zDy
EJ25_c9 f9 fe_P000;EJ25_c9 f9 fe_ZYlL
EJ25_d4 ed 0a_P000;EJ25_d4 ed 0a_xoUk
EJ25_9a 22 ed_P000;EJ25_9a 22 ed_OBd7
EJ25_d2 4c 10_P000;EJ25_d2 4c 10_2W2y
EJ25_bb 18 f6_P000;EJ25_bb 18 f6_FQqB
EJ25_de d3 28_P000;EJ25_de d3 28_L95g
EJ25_73 24 86_P000;EJ25_73 24 86_qEzG
EJ25_f0 f5 c4_P000;EJ25_f0 f5 c4_GOlz
