id;ID2
1f c4 c9_I2i0;1f c4 c9_P000
94 8a 3d_bOVL;94 8a 3d_P000
98 99 58_vPUo;98 99 58_P000
90 2a 92_rGqF;90 2a 92_P000
4d 70 4c_Tvi7;4d 70 4c_P000
1c 7e e0_tzDK;1c 7e e0_P000
60 21 70_Jjy6;60 21 70_P000
e9 37 d0_qzyp;e9 37 d0_P000
25 ac a3_nhEF;25 ac a3_P000
1b 62 7d_qeZe;1b 62 7d_P000
ca 01 a1_hZ84;ca 01 a1_P000
f5 76 bc_UYnf;f5 76 bc_P000
12 f1 a5_NEJW;12 f1 a5_P000
bc 22 30_FFbj;bc 22 30_P000
c8 1b 41_2eYq;c8 1b 41_P000
5c 65 fb_aon7;5c 65 fb_P000
99 46 22_xi5Z;99 46 22_P000
79 b9 87_rpNP;79 b9 87_P000
6a a1 f5_QVzz;6a a1 f5_P000
f5 30 36_jjLR;f5 30 36_P000
cf 27 47_J2ld;cf 27 47_P000
7d a3 d5_01JS;7d a3 d5_P000
61 93 ad_SM9b;61 93 ad_P000
d4 c1 1b_jDlL;d4 c1 1b_P000
fe 1c 2e_8Qao;fe 1c 2e_P000
d5 b8 30_xNtw;d5 b8 30_P000
04 b8 c2_ASWz;04 b8 c2_P000
4a ab 39_MLAp;4a ab 39_P000
84 97 ec_9zt1;84 97 ec_P000
9d b0 72_KpmO;9d b0 72_P000
4a 24 b0_hWps;4a 24 b0_P000
13 0c 46_9LiQ;13 0c 46_P000
ad 4d 42_ESTA;ad 4d 42_P000
d4 fa f2_i1xd;d4 fa f2_P000
23 8c 6b_XpEk;23 8c 6b_P000
3d 66 27_7V8j;3d 66 27_P000
23 72 48_TTGf;23 72 48_P000
de 0f 0f_0Sa4;de 0f 0f_P000
82 bd 4e_TAD4;82 bd 4e_P000
2f 62 23_7zM7;2f 62 23_P000
62 11 fb_aH1c;62 11 fb_P000
ef c9 6d_JYbZ;ef c9 6d_P000
4e 35 e8_aggZ;4e 35 e8_P000
59 ae f3_QikT;59 ae f3_P000
ed 27 63_ho3x;ed 27 63_P000
e6 b4 96_mxye;e6 b4 96_P000
ab c5 47_kvu6;ab c5 47_P000
2d 67 32_WKTa;2d 67 32_P000
a4 df ac_vE68;a4 df ac_P000
fe cf 06_LN6s;fe cf 06_P000
95 03 93_tFU6;95 03 93_P000
ae b7 cb_QwUK;ae b7 cb_P000
5f d3 42_1sX8;5f d3 42_P000
99 fe ba_648R;99 fe ba_P000
6c 2d 69_cEPy;6c 2d 69_P000
2c b0 38_SRZS;2c b0 38_P000
d2 a6 6a_OzFc;d2 a6 6a_P000
61 c4 cb_Wuqs;61 c4 cb_P000
c6 a1 46_NbSV;c6 a1 46_P000
0e 70 b6_e6jC;0e 70 b6_P000
3d a1 8d_cOCH;3d a1 8d_P000
e8 b8 96_RMx9;e8 b8 96_P000
48 6f e5_YcA4;48 6f e5_P000
6c 9e 6e_tPkR;6c 9e 6e_P000
e4 cc 7c_2PQl;e4 cc 7c_P000
ba f2 46_Gna2;ba f2 46_P000
87 65 28_viJa;87 65 28_P000
b2 2f 9b_64aD;b2 2f 9b_P000
0a 38 0f_u5Rk;0a 38 0f_P000
68 da 14_36hN;68 da 14_P000
86 5d 01_US0a;86 5d 01_P000
ee 17 1d_jb0E;ee 17 1d_P000
d9 c7 5e_Hdo6;d9 c7 5e_P000
d7 48 18_SBDu;d7 48 18_P000
d6 37 48_I5OM;d6 37 48_P000
33 b6 5a_3kvJ;33 b6 5a_P000
1c f9 55_9iUj;1c f9 55_P000
db 81 34_KsHC;db 81 34_P000
c9 4f e3_rbhe;c9 4f e3_P000
2a 98 b3_YVSv;2a 98 b3_P000
33 97 c1_lwGg;33 97 c1_P000
14 ab ea_cboS;14 ab ea_P000
6e e7 b5_E5IE;6e e7 b5_P000
43 1b 4e_X4ot;43 1b 4e_P000
23 26 3b_zrrn;23 26 3b_P000
74 d5 99_CCom;74 d5 99_P000
97 76 34_bThl;97 76 34_P000
11 57 1f_pKyc;11 57 1f_P000
9f d9 86_ReDY;9f d9 86_P000
79 0c fe_GIMe;79 0c fe_P000
d3 7a a7_aqzB;d3 7a a7_P000
72 9c eb_1zDy;72 9c eb_P000
c9 f9 fe_ZYlL;c9 f9 fe_P000
d4 ed 0a_xoUk;d4 ed 0a_P000
9a 22 ed_OBd7;9a 22 ed_P000
d2 4c 10_2W2y;d2 4c 10_P000
bb 18 f6_FQqB;bb 18 f6_P000
de d3 28_L95g;de d3 28_P000
73 24 86_qEzG;73 24 86_P000
f0 f5 c4_GOlz;f0 f5 c4_P000
